quran_doc_id,surah_name,surah_number,ayah_no,question_type,question,text
4929,Ar-Rahman,55,28,short,Here are 5 short and simple questions based on the text:,ayah: then which of your lord’s favours will you both deny?tafseer: so which of your lord’s favours will you deny?
4929,Ar-Rahman,55,28,short,1. Who is speaking in the conversation?,ayah: then which of your lord’s favours will you both deny?tafseer: so which of your lord’s favours will you deny?
4929,Ar-Rahman,55,28,short,2. What is being asked about?,ayah: then which of your lord’s favours will you both deny?tafseer: so which of your lord’s favours will you deny?
4929,Ar-Rahman,55,28,short,3. What title does someone have in the conversation?,ayah: then which of your lord’s favours will you both deny?tafseer: so which of your lord’s favours will you deny?
4929,Ar-Rahman,55,28,short,"4. Who is responding to ""ayah""?",ayah: then which of your lord’s favours will you both deny?tafseer: so which of your lord’s favours will you deny?
4929,Ar-Rahman,55,28,short,5. Why is a favour denied?,ayah: then which of your lord’s favours will you both deny?tafseer: so which of your lord’s favours will you deny?
4929,Ar-Rahman,55,28,long,Here are five detailed and comprehensive questions about the given text with specific details:,ayah: then which of your lord’s favours will you both deny?tafseer: so which of your lord’s favours will you deny?
4929,Ar-Rahman,55,28,long,"1. In what context does the phrase ""ayah"" appear in relation to the question being asked, and how is it related to the speaker's tone or intent?",ayah: then which of your lord’s favours will you both deny?tafseer: so which of your lord’s favours will you deny?
4929,Ar-Rahman,55,28,long,"2. Can you identify any potential cultural or linguistic nuances that may impact the meaning of the phrase ""tahafudu"" (meaning ""favours"") as used in the text? How do these nuances relate to the overall context of the conversation?",ayah: then which of your lord’s favours will you both deny?tafseer: so which of your lord’s favours will you deny?
4929,Ar-Rahman,55,28,long,"3. What specific action is being called upon by the speaker, and what are the implications of denying this action if it is not fulfilled? Are there any potential consequences or repercussions mentioned in the text that support this interpretation?",ayah: then which of your lord’s favours will you both deny?tafseer: so which of your lord’s favours will you deny?
4929,Ar-Rahman,55,28,long,"4. How does the use of the phrase ""your lord"" contribute to the overall tone and dynamics of the conversation? What level of respect or reverence is being accorded to the speaker's lord, and what implications might this have for the relationship between the speakers?",ayah: then which of your lord’s favours will you both deny?tafseer: so which of your lord’s favours will you deny?
4929,Ar-Rahman,55,28,long,"5. In what ways can you distinguish between the literal translation of ""tahafudu"" as ""favours"" versus its possible idiomatic meaning in this context? How does the speaker's use of this word contribute to a more nuanced understanding of their intentions and desires?",ayah: then which of your lord’s favours will you both deny?tafseer: so which of your lord’s favours will you deny?
4929,Ar-Rahman,55,28,direct,Here are five questions that directly ask about explicit information in the provided text:,ayah: then which of your lord’s favours will you both deny?tafseer: so which of your lord’s favours will you deny?
4929,Ar-Rahman,55,28,direct,1. What is the name of the speaker who asks about denying favors from their Lord?,ayah: then which of your lord’s favours will you both deny?tafseer: so which of your lord’s favours will you deny?
4929,Ar-Rahman,55,28,direct,2. Who is addressing or asking the question in the text?,ayah: then which of your lord’s favours will you both deny?tafseer: so which of your lord’s favours will you deny?
4929,Ar-Rahman,55,28,direct,3. What is being asked by the speaker in the text?,ayah: then which of your lord’s favours will you both deny?tafseer: so which of your lord’s favours will you deny?
4929,Ar-Rahman,55,28,direct,4. Is the speaker making a direct accusation or inquiry to the person they are addressing?,ayah: then which of your lord’s favours will you both deny?tafseer: so which of your lord’s favours will you deny?
4929,Ar-Rahman,55,28,direct,5. Can you identify what specific favor or action is being questioned or denied?,ayah: then which of your lord’s favours will you both deny?tafseer: so which of your lord’s favours will you deny?
4929,Ar-Rahman,55,28,implied,Here are five questions that require understanding the context and implications of the provided text:,ayah: then which of your lord’s favours will you both deny?tafseer: so which of your lord’s favours will you deny?
4929,Ar-Rahman,55,28,implied,"1. What is the significance of ""your lord"" in this passage, and how does it relate to the speaker's tone?",ayah: then which of your lord’s favours will you both deny?tafseer: so which of your lord’s favours will you deny?
4929,Ar-Rahman,55,28,implied,"(This question requires understanding the Islamic concept of Allah (God) as the sovereign ruler of the universe, and how the use of this title conveys a sense of authority and reverence.)",ayah: then which of your lord’s favours will you both deny?tafseer: so which of your lord’s favours will you deny?
4929,Ar-Rahman,55,28,implied,"2. How does the repetition of ""will you both deny"" change the emphasis of the sentence, and what might this suggest about the speaker's intentions?",ayah: then which of your lord’s favours will you both deny?tafseer: so which of your lord’s favours will you deny?
4929,Ar-Rahman,55,28,implied,(This question requires analyzing the rhetorical effect of repetition in the text and considering whether the speaker is emphasizing the act of denial or trying to provoke a response.),ayah: then which of your lord’s favours will you both deny?tafseer: so which of your lord’s favours will you deny?
4929,Ar-Rahman,55,28,implied,"3. What might be implied by the use of the word ""favours"" in this passage, and how does it relate to the concept of reward or punishment in Islamic theology?",ayah: then which of your lord’s favours will you both deny?tafseer: so which of your lord’s favours will you deny?
4929,Ar-Rahman,55,28,implied,"(This question requires understanding the Islamic idea of rewards and punishments for good deeds and bad actions, and how the speaker might be hinting at these concepts.)",ayah: then which of your lord’s favours will you both deny?tafseer: so which of your lord’s favours will you deny?
4929,Ar-Rahman,55,28,implied,"4. How does the tone of the passage suggest a response from the addressee (the person being addressed), and what kind of interaction is being imagined between the two?",ayah: then which of your lord’s favours will you both deny?tafseer: so which of your lord’s favours will you deny?
4929,Ar-Rahman,55,28,implied,"(This question requires considering the social context of the passage, including the likely relationship between the speaker and the addressee, and how this might influence their communication.)",ayah: then which of your lord’s favours will you both deny?tafseer: so which of your lord’s favours will you deny?
4929,Ar-Rahman,55,28,implied,"5. What might be seen as the ultimate point or goal of the speaker's question, and how does it relate to the broader themes of faith, obedience, and accountability in Islamic theology?",ayah: then which of your lord’s favours will you both deny?tafseer: so which of your lord’s favours will you deny?
4929,Ar-Rahman,55,28,implied,(This question requires considering the larger implications of the passage within the context of Islamic teachings and values.),ayah: then which of your lord’s favours will you both deny?tafseer: so which of your lord’s favours will you deny?
4929,Ar-Rahman,55,28,unclear,"Here are 5 vague, ambiguous questions about the topic:",ayah: then which of your lord’s favours will you both deny?tafseer: so which of your lord’s favours will you deny?
4929,Ar-Rahman,55,28,unclear,1. What exactly do the favors refer to?,ayah: then which of your lord’s favours will you both deny?tafseer: so which of your lord’s favours will you deny?
4929,Ar-Rahman,55,28,unclear,2. Is there a specific context or purpose behind denying these favors?,ayah: then which of your lord’s favours will you both deny?tafseer: so which of your lord’s favours will you deny?
4929,Ar-Rahman,55,28,unclear,3. Are the favors being denied personal or universal in nature?,ayah: then which of your lord’s favours will you both deny?tafseer: so which of your lord’s favours will you deny?
4929,Ar-Rahman,55,28,unclear,4. How might this act of denial impact one's relationship with their lord?,ayah: then which of your lord’s favours will you both deny?tafseer: so which of your lord’s favours will you deny?
4929,Ar-Rahman,55,28,unclear,"5. Can the concept of favor be interpreted as something absolute, or is it relative and dependent on individual circumstances?",ayah: then which of your lord’s favours will you both deny?tafseer: so which of your lord’s favours will you deny?
